Type,Slight,Moderate,Extensive,Complete,Collapse
W1,0,0,0.00001,0.0001,0.05
W2,0,0,0.00001,0.0001,0.1
C2L,0,0,0.00001,0.0001,0.1
RM2,0,0,0.00001,0.0001,0.1
C1,0,0,0.00001,0.0001,0.1
C2,0,0,0.00001,0.0001,0.1
C4,0,0,0.00001,0.0001,0.1
S1,0,0,0.00001,0.0001,0.1
S2,0,0,0.00001,0.0001,0.1
S4,0,0,0.00001,0.0001,0.1
